Start Date,End Date,Brand,Conversion path,Sales,Purchases,New-to-brand product sales,New-to-brand purchases,Sponsored Brands display frequency,Sponsored Display display frequency,Amazon DSP display frequency,Sponsored Brands video frequency,Amazon DSP online video frequency,Sponsored TV streaming TV frequency,Amazon DSP streaming TV frequency,Amazon DSP audio frequency,Sponsored Products frequency,Sponsored Display frequency,Sponsored Display online video frequency,Currency
2026-09-25 00:00:00,2026-09-25 00:00:00,Sud Scrub,(Sponsored Display) > Sponsored Products > Display (Amazon DSP) > [Purchase],24.99,1.0,0.0,0.0,0.0,0.0,1.0,0.0,0.0,0.0,0.0,0.0,4.0,2.0,0.0,USD
2026-09-04 00:00:00,2026-10-03 00:00:00,Sud Scrub,Sponsored Products > Display (Sponsored Brands) > Display (Amazon DSP) > [Purchase],299.89,10.0,119.96,4.0,1.1,0.0,1.4,0.0,0.0,0.0,0.0,0.0,2.7,0.0,0.0,USD
2026-09-04 00:00:00,2026-10-03 00:00:00,Sud Scrub,Online Video (Sponsored Brands) > Sponsored Products > [Purchase],3843.82,157.0,3204.61,131.0,0.0,0.0,0.0,1.2929936305732483,0.0,0.0,0.0,0.0,1.8152866242038217,0.0,0.0,USD
2026-09-19 00:00:00,2026-10-01 00:00:00,Sud Scrub,Display (Amazon DSP) >  (Sponsored Display) > Sponsored Products > [Purchase],74.97,3.0,29.99,1.0,0.0,0.0,48.0,0.0,0.0,0.0,0.0,0.0,2.3333333333333335,2.3333333333333335,0.0,USD
2026-09-04 00:00:00,2026-10-01 00:00:00,Sud Scrub,Display (Sponsored Brands) > Display (Amazon DSP) > Sponsored Products > [Purchase],144.95,5.0,114.96,4.0,1.0,0.0,9.6,0.0,0.0,0.0,0.0,0.0,1.6,0.0,0.0,USD
2026-09-07 00:00:00,2026-09-07 00:00:00,Sud Scrub,Display (Sponsored Brands) > Sponsored Products >  (Sponsored Display) > Display (Amazon DSP) > [Purchase],29.99,1.0,29.99,1.0,1.0,0.0,20.0,0.0,0.0,0.0,0.0,0.0,2.0,1.0,0.0,USD
2026-09-05 00:00:00,2026-10-03 00:00:00,Sud Scrub,Online Video (Sponsored Brands) > Display (Amazon DSP) > Sponsored Products > [Purchase],484.79,19.0,434.81,17.0,0.0,0.0,6.947368421052632,1.631578947368421,0.0,0.0,0.0,0.0,1.5263157894736843,0.0,0.0,USD
2026-09-05 00:00:00,2026-10-01 00:00:00,Sud Scrub,Sponsored Products > Display (Amazon DSP) >  (Sponsored Display) > [Purchase],853.69,31.0,658.77,23.0,0.0,0.0,8.935483870967742,0.0,0.0,0.0,0.0,0.0,3.096774193548387,1.2258064516129032,0.0,USD
2026-09-09 00:00:00,2026-09-09 00:00:00,Sud Scrub,Display (Sponsored Brands) > Sponsored Products >  (Sponsored Display) > [Purchase],19.99,1.0,19.99,1.0,1.0,0.0,0.0,0.0,0.0,0.0,0.0,0.0,2.0,1.0,0.0,USD
2026-09-04 00:00:00,2026-10-03 00:00:00,Sud Scrub,Display (Sponsored Brands) > [Purchase],2070.72,76.0,1780.83,65.0,1.105263157894737,0.0,0.0,0.0,0.0,0.0,0.0,0.0,0.0,0.0,0.0,USD
2026-09-20 00:00:00,2026-09-20 00:00:00,Sud Scrub,Online Video (Sponsored Brands) > Display (Sponsored Brands) > [Purchase],29.99,1.0,29.99,1.0,1.0,0.0,0.0,1.0,0.0,0.0,0.0,0.0,0.0,0.0,0.0,USD
2026-09-04 00:00:00,2026-10-02 00:00:00,Sud Scrub,Display (Amazon DSP) > Online Video (Sponsored Brands) > [Purchase],262.39,10.0,199.93,7.0,0.0,0.0,4.1,1.4,0.0,0.0,0.0,0.0,0.0,0.0,0.0,USD
2026-09-04 00:00:00,2026-10-03 00:00:00,Sud Scrub,Sponsored Products > Display (Amazon DSP) > [Purchase],58933.73,2229.0,46832.95,1780.0,0.0,0.0,3.1839389860924183,0.0,0.0,0.0,0.0,0.0,1.9865410497981157,0.0,0.0,USD
2026-09-04 00:00:00,2026-10-03 00:00:00,Sud Scrub,Online Video (Sponsored Brands) > Display (Amazon DSP) > [Purchase],3285.74,123.0,3068.83,113.0,0.0,0.0,3.0,1.170731707317073,0.0,0.0,0.0,0.0,0.0,0.0,0.0,USD
2026-09-05 00:00:00,2026-10-02 00:00:00,Sud Scrub,Online Video (Sponsored Brands) > Display (Sponsored Brands) > Display (Amazon DSP) > [Purchase],114.93,5.0,72.46,3.0,1.0,0.0,6.8,1.0,0.0,0.0,0.0,0.0,0.0,0.0,0.0,USD
2026-09-23 00:00:00,2026-09-23 00:00:00,Sud Scrub,Sponsored Products >  (Sponsored Display) > Online Video (Sponsored Brands) > Display (Amazon DSP) > [Purchase],29.99,1.0,0.0,0.0,0.0,0.0,1.0,1.0,0.0,0.0,0.0,0.0,3.0,1.0,0.0,USD
2026-09-19 00:00:00,2026-09-19 00:00:00,Sud Scrub,Display (Sponsored Brands) > Online Video (Sponsored Brands) > [Purchase],54.99,3.0,54.99,3.0,1.0,0.0,0.0,1.0,0.0,0.0,0.0,0.0,0.0,0.0,0.0,USD
2026-09-04 00:00:00,2026-10-03 00:00:00,Sud Scrub,Display (Amazon DSP) > [Purchase],20551.77,790.0,14184.44,531.0,0.0,0.0,6.972151898734177,0.0,0.0,0.0,0.0,0.0,0.0,0.0,0.0,USD
2026-09-04 00:00:00,2026-10-01 00:00:00,Sud Scrub,Sponsored Products >  (Sponsored Display) > Display (Amazon DSP) > [Purchase],587.28,13.0,512.31,10.0,0.0,0.0,1.6923076923076923,0.0,0.0,0.0,0.0,0.0,3.923076923076923,1.5384615384615385,0.0,USD
2026-09-04 00:00:00,2026-10-01 00:00:00,Sud Scrub,Sponsored Products > Online Video (Sponsored Brands) > [Purchase],1776.3,75.0,1339.9,56.0,0.0,0.0,0.0,1.08,0.0,0.0,0.0,0.0,3.2533333333333334,0.0,0.0,USD
2026-09-14 00:00:00,2026-09-14 00:00:00,Sud Scrub,Online Video (Sponsored Brands) > Display (Sponsored Brands) > Sponsored Products > [Purchase],71.99,4.0,71.99,4.0,1.0,0.0,0.0,2.0,0.0,0.0,0.0,0.0,3.0,0.0,0.0,USD
2026-09-22 00:00:00,2026-09-22 00:00:00,Sud Scrub,Online Video (Sponsored Brands) > Sponsored Products > Display (Sponsored Brands) > [Purchase],29.99,1.0,29.99,1.0,1.0,0.0,0.0,1.0,0.0,0.0,0.0,0.0,1.0,0.0,0.0,USD
2026-09-15 00:00:00,2026-10-03 00:00:00,Sud Scrub,Sponsored Products >  (Sponsored Display) > [Purchase],601.27,25.0,451.34,18.0,0.0,0.0,0.0,0.0,0.0,0.0,0.0,0.0,2.8,1.36,0.0,USD
2026-09-30 00:00:00,2026-09-30 00:00:00,Sud Scrub,Display (Amazon DSP) > Sponsored Products > Display (Sponsored Brands) > [Purchase],54.99,3.0,54.99,3.0,1.0,0.0,4.0,0.0,0.0,0.0,0.0,0.0,8.0,0.0,0.0,USD
2026-09-04 00:00:00,2026-09-04 00:00:00,Sud Scrub,Sponsored Products > Online Video (Sponsored Brands) > Display (Amazon DSP) > Display (Sponsored Brands) > [Purchase],119.96,2.0,0.0,0.0,1.0,0.0,2.0,1.0,0.0,0.0,0.0,0.0,9.0,0.0,0.0,USD
2026-09-23 00:00:00,2026-09-23 00:00:00,Sud Scrub,Sponsored Products > Display (Sponsored Brands) >  (Sponsored Display) > Display (Amazon DSP) > [Purchase],29.99,1.0,29.99,1.0,1.0,0.0,4.0,0.0,0.0,0.0,0.0,0.0,2.0,1.0,0.0,USD
2026-09-20 00:00:00,2026-09-20 00:00:00,Sud Scrub,(Sponsored Display) > Display (Sponsored Brands) > Display (Amazon DSP) > [Purchase],54.99,3.0,54.99,3.0,1.0,0.0,6.0,0.0,0.0,0.0,0.0,0.0,0.0,3.0,0.0,USD
2026-09-04 00:00:00,2026-09-06 00:00:00,Sud Scrub,Display (Amazon DSP) >  (Sponsored Display) > [Purchase],99.96,4.0,59.98,2.0,0.0,0.0,17.0,0.0,0.0,0.0,0.0,0.0,0.0,1.5,0.0,USD
2026-09-04 00:00:00,2026-10-03 00:00:00,Sud Scrub,Display (Sponsored Brands) > Display (Amazon DSP) > [Purchase],683.77,29.0,547.57,22.0,1.0344827586206897,0.0,3.1379310344827585,0.0,0.0,0.0,0.0,0.0,0.0,0.0,0.0,USD
2026-09-04 00:00:00,2026-10-03 00:00:00,Sud Scrub,Display (Amazon DSP) > Sponsored Products > [Purchase],6237.63,235.0,3592.18,132.0,0.0,0.0,11.659574468085106,0.0,0.0,0.0,0.0,0.0,1.7957446808510638,0.0,0.0,USD
2026-09-04 00:00:00,2026-09-27 00:00:00,Sud Scrub,Display (Amazon DSP) > Online Video (Sponsored Brands) > Sponsored Products > [Purchase],79.97,3.0,79.97,3.0,0.0,0.0,3.6666666666666665,1.6666666666666667,0.0,0.0,0.0,0.0,3.3333333333333335,0.0,0.0,USD
2026-09-04 00:00:00,2026-09-29 00:00:00,Sud Scrub,Display (Sponsored Brands) > Sponsored Products > Display (Amazon DSP) > [Purchase],468.35,20.0,388.38,17.0,1.0,0.0,1.65,0.0,0.0,0.0,0.0,0.0,1.35,0.0,0.0,USD
2026-09-04 00:00:00,2026-10-03 00:00:00,Sud Scrub,Sponsored Products > Display (Amazon DSP) > Display (Sponsored Brands) > [Purchase],304.89,13.0,194.94,8.0,1.3076923076923077,0.0,6.769230769230769,0.0,0.0,0.0,0.0,0.0,2.3076923076923075,0.0,0.0,USD
2026-09-18 00:00:00,2026-09-27 00:00:00,Sud Scrub,Display (Amazon DSP) > Sponsored Products > Online Video (Sponsored Brands) > [Purchase],52.46,3.0,52.46,3.0,0.0,0.0,7.666666666666667,1.6666666666666667,0.0,0.0,0.0,0.0,12.0,0.0,0.0,USD
2026-09-04 00:00:00,2026-10-02 00:00:00,Sud Scrub,Display (Amazon DSP) > Display (Sponsored Brands) > [Purchase],159.94,6.0,29.99,1.0,1.0,0.0,16.166666666666668,0.0,0.0,0.0,0.0,0.0,0.0,0.0,0.0,USD
2026-09-08 00:00:00,2026-09-26 00:00:00,Sud Scrub,(Sponsored Display) > Display (Amazon DSP) > [Purchase],79.97,3.0,79.97,3.0,0.0,0.0,2.0,0.0,0.0,0.0,0.0,0.0,0.0,1.0,0.0,USD
2026-09-04 00:00:00,2026-10-03 00:00:00,Sud Scrub,Online Video (Sponsored Brands) > [Purchase],11832.75,436.0,10451.88,380.0,0.0,0.0,0.0,1.091743119266055,0.0,0.0,0.0,0.0,0.0,0.0,0.0,USD
2026-09-04 00:00:00,2026-10-03 00:00:00,Sud Scrub,Online Video (Sponsored Brands) > Sponsored Products > Display (Amazon DSP) > [Purchase],1315.01,53.0,1133.07,44.0,0.0,0.0,4.452830188679245,1.1886792452830188,0.0,0.0,0.0,0.0,2.2641509433962264,0.0,0.0,USD
2026-09-30 00:00:00,2026-09-30 00:00:00,Sud Scrub,Display (Amazon DSP) > Display (Sponsored Brands) > Sponsored Products > [Purchase],29.99,1.0,0.0,0.0,1.0,0.0,57.0,0.0,0.0,0.0,0.0,0.0,1.0,0.0,0.0,USD
2026-09-06 00:00:00,2026-09-30 00:00:00,Sud Scrub,Display (Sponsored Brands) > Sponsored Products > [Purchase],639.76,24.0,419.84,16.0,1.125,0.0,0.0,0.0,0.0,0.0,0.0,0.0,1.625,0.0,0.0,USD
2026-09-11 00:00:00,2026-09-26 00:00:00,Sud Scrub,Sponsored Products > Display (Amazon DSP) > Online Video (Sponsored Brands) > [Purchase],216.91,10.0,93.36,4.0,0.0,0.0,9.0,1.0,0.0,0.0,0.0,0.0,2.6,0.0,0.0,USD
2026-09-11 00:00:00,2026-09-23 00:00:00,Sud Scrub,(Sponsored Display) > [Purchase],139.95,5.0,89.97,3.0,0.0,0.0,0.0,0.0,0.0,0.0,0.0,0.0,0.0,1.0,0.0,USD
2026-09-04 00:00:00,2026-10-02 00:00:00,Sud Scrub,Sponsored Products > Display (Sponsored Brands) > [Purchase],726.22,28.0,603.78,23.0,1.2142857142857142,0.0,0.0,0.0,0.0,0.0,0.0,0.0,3.4285714285714284,0.0,0.0,USD
2026-09-11 00:00:00,2026-09-15 00:00:00,Sud Scrub,Display (Amazon DSP) > Sponsored Products >  (Sponsored Display) > [Purchase],93.0,4.0,93.0,4.0,0.0,0.0,2.5,0.0,0.0,0.0,0.0,0.0,8.0,1.5,0.0,USD
2026-09-05 00:00:00,2026-10-01 00:00:00,Sud Scrub,Sponsored Products > Online Video (Sponsored Brands) > Display (Amazon DSP) > [Purchase],525.29,23.0,360.36,16.0,0.0,0.0,1.565217391304348,1.0,0.0,0.0,0.0,0.0,2.391304347826087,0.0,0.0,USD
2026-09-04 00:00:00,2026-10-03 00:00:00,Sud Scrub,Sponsored Products > [Purchase],156501.52,5862.0,131820.47,4887.0,0.0,0.0,0.0,0.0,0.0,0.0,0.0,0.0,1.5943364039576937,0.0,0.0,USD
