"Date","Advertiser account name","Advertiser account ID","Total cost","Impressions","CTR","DPV","ATC","Purchases","New-to-brand purchases","Percent of purchases new-to-brand","Sales USD","New-to-brand product sales USD","Total DPV","Total ATC","Total purchases","Total new-to-brand purchases","Total new-to-brand purchases clicks","Total percent of purchases new-to-brand","Total sales USD","Total ROAS","Total new-to-brand product sales USD"
"Aug 30, 2026","Fit + Fresh","=""583173369122841984""","2903.02387","1447173","0.3659%","10678","1328","1435","1308","91.1498%","15436.67000","16487.00000","12419","1549","1614","1462","0","90.5824%","18312.14000","6.30795","16487.00000"
"Aug 31, 2026","Fit + Fresh","=""583173369122841984""","2621.20831","1264329","0.4235%","10451","1153","1209","1086","89.8263%","13087.13000","13758.78000","12177","1338","1366","1212","0","88.7262%","15799.98000","6.02775","13758.78000"
"Sep 01, 2026","Fit + Fresh","=""583173369122841984""","3357.50420","1812489","0.3047%","10242","1071","1192","1068","89.5973%","12815.40000","12975.37000","12031","1213","1312","1177","0","89.7104%","14602.40000","4.34918","12975.37000"
"Sep 02, 2026","Fit + Fresh","=""583173369122841984""","3883.11391","2051733","0.2857%","11111","1113","1190","1046","87.8992%","12742.89000","12660.33000","12912","1296","1326","1162","0","87.6320%","14627.35000","3.76691","12660.33000"
"Sep 03, 2026","Fit + Fresh","=""583173369122841984""","3892.31734","2023748","0.2460%","9023","1018","1057","935","88.4579%","11489.85000","11458.24000","10513","1172","1173","1028","0","87.6385%","13298.17000","3.41652","11458.24000"
"Sep 04, 2026","Fit + Fresh","=""583173369122841984""","3824.71362","1918415","0.2623%","7909","724","870","782","89.8851%","9248.31000","9782.13000","9093","862","987","884","0","89.5643%","10854.88000","2.83809","9782.13000"
"Sep 05, 2026","Fit + Fresh","=""583173369122841984""","3761.47979","1893200","0.3242%","9345","721","796","725","91.0804%","8938.45000","9516.70000","10791","854","898","810","0","90.2004%","10547.10000","2.80398","9516.70000"
"Sep 06, 2026","Fit + Fresh","=""583173369122841984""","3863.81684","1911512","0.3133%","9623","833","799","716","89.6120%","8728.18000","9039.80000","11117","964","897","801","0","89.2977%","10177.53000","2.63406","9039.80000"
"Sep 07, 2026","Fit + Fresh","=""583173369122841984""","3508.44102","1779643","0.3581%","9678","988","1022","927","90.7045%","11417.11000","12079.00000","11012","1133","1174","1047","0","89.1823%","13871.42000","3.95373","12079.00000"
"Sep 08, 2026","Fit + Fresh","=""583173369122841984""","3397.05875","1712511","0.2801%","7619","969","925","806","87.1351%","10186.66000","10534.17000","8911","1123","1062","925","0","87.0998%","12120.53000","3.56795","10534.17000"
"Sep 09, 2026","Fit + Fresh","=""583173369122841984""","1912.50004","847811","0.2821%","4402","713","749","662","88.3845%","8752.30000","8989.26000","6076","824","860","754","0","87.6744%","10383.45000","5.42925","8989.26000"
"Sep 10, 2026","Fit + Fresh","=""583173369122841984""","1964.59579","821364","0.3021%","4015","577","623","545","87.4799%","8071.88000","8232.83000","5157","679","714","625","0","87.5350%","9510.30000","4.84084","8232.83000"
"Sep 11, 2026","Fit + Fresh","=""583173369122841984""","1826.59538","756828","0.3110%","3663","443","453","400","88.3002%","5510.37000","6354.03000","4640","525","560","486","0","86.7857%","7333.30000","4.01474","6354.03000"
"Sep 12, 2026","Fit + Fresh","=""583173369122841984""","1923.67269","815785","0.3921%","4145","436","450","382","84.8889%","5522.00000","5610.08000","5074","527","531","450","0","84.7458%","6774.88000","3.52185","5610.08000"
"Sep 13, 2026","Fit + Fresh","=""583173369122841984""","2105.58073","967634","0.2828%","4433","526","526","459","87.2624%","5805.96000","5780.53000","5380","632","591","510","0","86.2944%","6837.20000","3.24718","5780.53000"
"Sep 14, 2026","Fit + Fresh","=""583173369122841984""","1814.31345","801928","0.3281%","4361","551","569","509","89.4552%","6621.07000","6975.77000","5359","653","653","577","0","88.3614%","8040.34000","4.43162","6975.77000"
"Sep 15, 2026","Fit + Fresh","=""583173369122841984""","1901.93400","772625","0.2651%","4099","553","537","484","90.1304%","6303.71000","6837.23000","5353","652","631","564","0","89.3819%","7789.80000","4.09573","6837.23000"
"Sep 16, 2026","Fit + Fresh","=""583173369122841984""","1920.14963","765665","0.2434%","4037","532","480","417","86.8750%","5564.94000","5617.44000","4936","639","556","478","0","85.9712%","6675.77000","3.47669","5617.44000"
"Sep 17, 2026","Fit + Fresh","=""583173369122841984""","1900.54215","743637","0.2859%","3616","435","447","400","89.4855%","5100.59000","5291.41000","4331","523","506","450","0","88.9328%","6046.69000","3.18156","5291.41000"
"Sep 18, 2026","Fit + Fresh","=""583173369122841984""","1919.82618","792560","0.2423%","2825","309","358","309","86.3128%","4244.92000","4221.04000","3559","389","418","358","0","85.6459%","5151.39000","2.68326","4221.04000"
"Sep 19, 2026","Fit + Fresh","=""583173369122841984""","1910.29387","749386","0.3026%","3388","298","317","279","88.0126%","3726.76000","4004.32000","4162","374","375","324","0","86.4000%","4665.82000","2.44246","4004.32000"
"Sep 20, 2026","Fit + Fresh","=""583173369122841984""","1910.64365","774492","0.2959%","4205","423","404","357","88.3663%","4217.15000","4593.61000","4994","501","468","415","0","88.6752%","5168.71000","2.70522","4593.61000"
"Sep 21, 2026","Fit + Fresh","=""583173369122841984""","1923.94246","752433","0.2614%","4053","434","480","418","87.0833%","5246.67000","5302.76000","4840","516","558","479","0","85.8423%","6374.61000","3.31331","5302.76000"
"Sep 22, 2026","Fit + Fresh","=""583173369122841984""","1895.65486","673020","0.3073%","3305","351","386","340","88.0829%","4119.23000","4319.54000","4131","431","438","387","0","88.3562%","4995.83000","2.63541","4319.54000"
"Sep 23, 2026","Fit + Fresh","=""583173369122841984""","1904.68566","708146","0.2670%","3077","341","441","380","86.1678%","4969.21000","5097.15000","3906","414","514","440","0","85.6031%","6045.84000","3.17419","5097.15000"
"Sep 24, 2026","Fit + Fresh","=""583173369122841984""","1914.64276","679057","0.3091%","3228","266","375","340","90.6667%","4005.49000","4599.48000","4166","354","436","394","0","90.3670%","5074.10000","2.65015","4599.48000"
"Sep 25, 2026","Fit + Fresh","=""583173369122841984""","1818.82957","644364","0.3121%","2820","280","340","295","86.7647%","3858.52000","3982.43000","3517","340","397","345","0","86.9018%","4762.21000","2.61828","3982.43000"
"Sep 26, 2026","Fit + Fresh","=""583173369122841984""","1933.81233","725288","0.3069%","3338","251","305","279","91.4754%","3191.85000","3625.96000","4327","316","354","322","0","90.9605%","3926.02000","2.03020","3625.96000"
