Start Date,End Date,Brand,Conversion path,Sales,Purchases,New-to-brand product sales,New-to-brand purchases,Sponsored Brands display frequency,Sponsored Display display frequency,Amazon DSP display frequency,Sponsored Brands video frequency,Amazon DSP online video frequency,Sponsored TV Streaming TV frequency,Amazon DSP Streaming TV frequency,Amazon DSP audio frequency,Sponsored Products frequency,Sponsored Display frequency,Sponsored Display online video frequency,Currency
2026-07-08,2026-07-25,Primal Queen,(Sponsored Display) > Sponsored Products > Display (Amazon DSP) > [Purchase],407.0,7.0,349.0,6.0,0.0,0.0,5.714285714285714,0.0,0.0,0.0,0.0,0.0,1.7142857142857142,19.857142857142858,0.0,USD
2026-07-07,2026-07-26,Primal Queen,Sponsored Products > Display (Sponsored Brands) > Display (Amazon DSP) > [Purchase],612.0,3.0,612.0,3.0,2.0,0.0,1.0,0.0,0.0,0.0,0.0,0.0,2.3333333333333335,0.0,0.0,USD
2026-07-03,2026-07-31,Primal Queen,Online Video (Sponsored Brands) > Sponsored Products > [Purchase],3771.0,59.0,2663.0,43.0,0.0,0.0,0.0,1.11864406779661,0.0,0.0,0.0,0.0,1.6779661016949152,0.0,0.0,USD
2026-07-04,2026-07-30,Primal Queen,Display (Amazon DSP) >  (Sponsored Display) > Sponsored Products > [Purchase],822.0,13.0,0.0,0.0,0.0,0.0,33.38461538461539,0.0,0.0,0.0,0.0,0.0,2.769230769230769,5.538461538461538,0.0,USD
2026-07-16,2026-07-21,Primal Queen,Display (Sponsored Brands) > Display (Amazon DSP) > Sponsored Products > [Purchase],174.0,3.0,116.0,2.0,1.0,0.0,5.333333333333333,0.0,0.0,0.0,0.0,0.0,1.3333333333333333,0.0,0.0,USD
2026-07-03,2026-07-29,Primal Queen,Online Video (Sponsored Brands) > Display (Amazon DSP) > Sponsored Products > [Purchase],290.0,5.0,174.0,3.0,0.0,0.0,2.0,1.4,0.0,0.0,0.0,0.0,1.2,0.0,0.0,USD
2026-07-03,2026-07-31,Primal Queen,Sponsored Products > Display (Amazon DSP) >  (Sponsored Display) > [Purchase],4453.0,72.0,2503.0,42.0,0.0,0.0,18.194444444444443,0.0,0.0,0.0,0.0,0.0,2.9027777777777777,11.027777777777779,0.0,USD
2026-07-03,2026-07-28,Primal Queen,Display (Sponsored Brands) > [Purchase],937.0,15.0,638.0,11.0,1.4,0.0,0.0,0.0,0.0,0.0,0.0,0.0,0.0,0.0,0.0,USD
2026-07-03,2026-07-30,Primal Queen,Online Video (Sponsored Brands) > Display (Amazon DSP) >  (Sponsored Display) > [Purchase],174.0,3.0,174.0,3.0,0.0,0.0,1.0,1.3333333333333333,0.0,0.0,0.0,0.0,0.0,2.6666666666666665,0.0,USD
2026-07-07,2026-07-23,Primal Queen,Online Video (Sponsored Brands) > Display (Sponsored Brands) > [Purchase],116.0,2.0,116.0,2.0,1.5,0.0,0.0,1.0,0.0,0.0,0.0,0.0,0.0,0.0,0.0,USD
2026-07-15,2026-07-31,Primal Queen,Online Video (Sponsored Brands) >  (Sponsored Display) > Sponsored Products > [Purchase],116.0,2.0,116.0,2.0,0.0,0.0,0.0,1.0,0.0,0.0,0.0,0.0,1.5,13.0,0.0,USD
2026-07-08,2026-07-30,Primal Queen,(Sponsored Display) > Sponsored Products > [Purchase],1231.0,20.0,1056.0,17.0,0.0,0.0,0.0,0.0,0.0,0.0,0.0,0.0,1.85,3.85,0.0,USD
2026-07-04,2026-07-31,Primal Queen,Display (Amazon DSP) > Online Video (Sponsored Brands) > [Purchase],1168.0,16.0,58.0,1.0,0.0,0.0,10.3125,1.0,0.0,0.0,0.0,0.0,0.0,0.0,0.0,USD
2026-07-31,2026-07-31,Primal Queen,(Sponsored Display) > Sponsored Products > Display (Sponsored Brands) > Display (Amazon DSP) > [Purchase],58.0,1.0,58.0,1.0,2.0,0.0,1.0,0.0,0.0,0.0,0.0,0.0,4.0,18.0,0.0,USD
2026-07-03,2026-07-31,Primal Queen,Sponsored Products > Display (Amazon DSP) > [Purchase],42358.94,674.0,17837.99,291.0,0.0,0.0,8.399109792284866,0.0,0.0,0.0,0.0,0.0,2.258160237388724,0.0,0.0,USD
2026-07-03,2026-07-31,Primal Queen,Online Video (Sponsored Brands) > Display (Amazon DSP) > [Purchase],1326.0,22.0,1036.0,17.0,0.0,0.0,2.227272727272727,1.0454545454545454,0.0,0.0,0.0,0.0,0.0,0.0,0.0,USD
2026-07-10,2026-07-10,Primal Queen,Sponsored Products > Display (Amazon DSP) > Online Video (Sponsored Brands) >  (Sponsored Display) > [Purchase],58.0,1.0,0.0,0.0,0.0,0.0,40.0,1.0,0.0,0.0,0.0,0.0,3.0,2.0,0.0,USD
2026-07-31,2026-07-31,Primal Queen,Sponsored Products >  (Sponsored Display) > Display (Amazon DSP) > Online Video (Sponsored Brands) > [Purchase],58.0,1.0,58.0,1.0,0.0,0.0,1.0,1.0,0.0,0.0,0.0,0.0,1.0,20.0,0.0,USD
2026-07-06,2026-07-10,Primal Queen,Display (Sponsored Brands) > Online Video (Sponsored Brands) > [Purchase],116.0,2.0,116.0,2.0,1.5,0.0,0.0,1.0,0.0,0.0,0.0,0.0,0.0,0.0,0.0,USD
2026-07-03,2026-07-29,Primal Queen,Sponsored Products > Display (Sponsored Brands) > Online Video (Sponsored Brands) > Display (Amazon DSP) > [Purchase],116.0,2.0,58.0,1.0,1.5,0.0,1.0,1.0,0.0,0.0,0.0,0.0,6.0,0.0,0.0,USD
2026-07-03,2026-07-31,Primal Queen,Display (Amazon DSP) > [Purchase],76016.72,1209.0,6491.99,104.0,0.0,0.0,16.72539288668321,0.0,0.0,0.0,0.0,0.0,0.0,0.0,0.0,USD
2026-07-03,2026-07-31,Primal Queen,Sponsored Products >  (Sponsored Display) > Display (Amazon DSP) > [Purchase],2461.0,39.0,1939.0,31.0,0.0,0.0,2.8461538461538463,0.0,0.0,0.0,0.0,0.0,2.58974358974359,8.948717948717949,0.0,USD
2026-07-12,2026-07-27,Primal Queen,(Sponsored Display) > Display (Amazon DSP) > Sponsored Products > [Purchase],341.0,5.0,117.0,2.0,0.0,0.0,9.0,0.0,0.0,0.0,0.0,0.0,1.2,3.2,0.0,USD
2026-07-03,2026-07-31,Primal Queen,Sponsored Products > Online Video (Sponsored Brands) > [Purchase],3959.0,65.0,2738.0,46.0,0.0,0.0,0.0,1.1692307692307693,0.0,0.0,0.0,0.0,2.0307692307692307,0.0,0.0,USD
2026-07-14,2026-07-14,Primal Queen,Online Video (Sponsored Brands) > Display (Sponsored Brands) > Sponsored Products > [Purchase],58.0,1.0,58.0,1.0,1.0,0.0,0.0,1.0,0.0,0.0,0.0,0.0,3.0,0.0,0.0,USD
2026-07-14,2026-07-16,Primal Queen,Online Video (Sponsored Brands) > Sponsored Products > Display (Sponsored Brands) > [Purchase],116.0,2.0,116.0,2.0,1.0,0.0,0.0,2.0,0.0,0.0,0.0,0.0,1.0,0.0,0.0,USD
2026-07-03,2026-07-31,Primal Queen,Sponsored Products >  (Sponsored Display) > [Purchase],6935.0,117.0,6238.0,104.0,0.0,0.0,0.0,0.0,0.0,0.0,0.0,0.0,2.076923076923077,3.5982905982905984,0.0,USD
2026-07-03,2026-07-03,Primal Queen,Display (Amazon DSP) > Sponsored Products > Display (Sponsored Brands) > [Purchase],58.0,1.0,0.0,0.0,4.0,0.0,1.0,0.0,0.0,0.0,0.0,0.0,1.0,0.0,0.0,USD
2026-07-23,2026-07-23,Primal Queen,Online Video (Sponsored Brands) > Sponsored Products > Display (Sponsored Brands) >  (Sponsored Display) > Display (Amazon DSP) > [Purchase],58.0,1.0,58.0,1.0,1.0,0.0,1.0,1.0,0.0,0.0,0.0,0.0,2.0,3.0,0.0,USD
2026-07-05,2026-07-22,Primal Queen,Sponsored Products >  (Sponsored Display) > Online Video (Sponsored Brands) > [Purchase],349.0,6.0,349.0,6.0,0.0,0.0,0.0,1.0,0.0,0.0,0.0,0.0,5.5,5.666666666666667,0.0,USD
2026-07-06,2026-07-26,Primal Queen,Sponsored Products > Display (Sponsored Brands) > Online Video (Sponsored Brands) > [Purchase],116.0,2.0,0.0,0.0,1.0,0.0,0.0,1.0,0.0,0.0,0.0,0.0,3.5,0.0,0.0,USD
2026-07-05,2026-07-31,Primal Queen,Display (Amazon DSP) >  (Sponsored Display) > [Purchase],4315.97,71.0,580.0,10.0,0.0,0.0,20.338028169014084,0.0,0.0,0.0,0.0,0.0,0.0,4.661971830985915,0.0,USD
2026-07-05,2026-07-10,Primal Queen,Display (Sponsored Brands) > Display (Amazon DSP) > [Purchase],116.0,2.0,58.0,1.0,2.0,0.0,3.0,0.0,0.0,0.0,0.0,0.0,0.0,0.0,0.0,USD
2026-07-24,2026-07-24,Primal Queen,Display (Sponsored Brands) >  (Sponsored Display) > [Purchase],58.0,1.0,58.0,1.0,2.0,0.0,0.0,0.0,0.0,0.0,0.0,0.0,0.0,15.0,0.0,USD
2026-07-03,2026-07-31,Primal Queen,Display (Amazon DSP) > Sponsored Products > [Purchase],27927.33,437.0,1924.99,33.0,0.0,0.0,26.352402745995423,0.0,0.0,0.0,0.0,0.0,1.5881006864988558,0.0,0.0,USD
2026-07-15,2026-07-15,Primal Queen,(Sponsored Display) > Display (Amazon DSP) > Online Video (Sponsored Brands) > [Purchase],58.0,1.0,58.0,1.0,0.0,0.0,3.0,2.0,0.0,0.0,0.0,0.0,0.0,110.0,0.0,USD
2026-07-28,2026-07-28,Primal Queen,Display (Amazon DSP) > Online Video (Sponsored Brands) > Sponsored Products > [Purchase],58.0,1.0,58.0,1.0,0.0,0.0,6.0,1.0,0.0,0.0,0.0,0.0,1.0,0.0,0.0,USD
2026-07-17,2026-07-17,Primal Queen,Display (Sponsored Brands) > Sponsored Products > Display (Amazon DSP) > [Purchase],116.0,2.0,0.0,0.0,1.0,0.0,1.0,0.0,0.0,0.0,0.0,0.0,1.0,0.0,0.0,USD
2026-07-13,2026-07-30,Primal Queen,Sponsored Products > Display (Amazon DSP) > Display (Sponsored Brands) > [Purchase],298.0,4.0,182.0,2.0,1.75,0.0,13.75,0.0,0.0,0.0,0.0,0.0,2.75,0.0,0.0,USD
2026-07-03,2026-07-28,Primal Queen,Display (Amazon DSP) > Sponsored Products > Online Video (Sponsored Brands) > [Purchase],283.0,5.0,58.0,1.0,0.0,0.0,4.8,1.4,0.0,0.0,0.0,0.0,2.2,0.0,0.0,USD
2026-07-10,2026-07-10,Primal Queen,Online Video (Sponsored Brands) > Display (Amazon DSP) > Sponsored Products >  (Sponsored Display) > [Purchase],58.0,1.0,58.0,1.0,0.0,0.0,2.0,1.0,0.0,0.0,0.0,0.0,2.0,1.0,0.0,USD
2026-07-29,2026-07-29,Primal Queen,Sponsored Products > Online Video (Sponsored Brands) > Display (Sponsored Brands) > [Purchase],58.0,1.0,58.0,1.0,1.0,0.0,0.0,1.0,0.0,0.0,0.0,0.0,3.0,0.0,0.0,USD
2026-07-07,2026-07-07,Primal Queen,Display (Amazon DSP) > Display (Sponsored Brands) > [Purchase],58.0,1.0,0.0,0.0,2.0,0.0,62.0,0.0,0.0,0.0,0.0,0.0,0.0,0.0,0.0,USD
2026-07-04,2026-07-31,Primal Queen,(Sponsored Display) > Display (Amazon DSP) > [Purchase],1228.0,20.0,406.0,7.0,0.0,0.0,6.65,0.0,0.0,0.0,0.0,0.0,0.0,3.2,0.0,USD
2026-07-03,2026-07-31,Primal Queen,Online Video (Sponsored Brands) > [Purchase],10970.0,177.0,9238.0,148.0,0.0,0.0,0.0,1.073446327683616,0.0,0.0,0.0,0.0,0.0,0.0,0.0,USD
2026-07-17,2026-07-31,Primal Queen,Online Video (Sponsored Brands) >  (Sponsored Display) > [Purchase],464.0,8.0,464.0,8.0,0.0,0.0,0.0,1.0,0.0,0.0,0.0,0.0,0.0,2.25,0.0,USD
2026-07-03,2026-07-31,Primal Queen,Online Video (Sponsored Brands) > Sponsored Products > Display (Amazon DSP) > [Purchase],813.0,14.0,581.0,10.0,0.0,0.0,2.9285714285714284,1.0714285714285714,0.0,0.0,0.0,0.0,2.142857142857143,0.0,0.0,USD
2026-07-05,2026-07-31,Primal Queen,Display (Sponsored Brands) > Sponsored Products > [Purchase],762.0,12.0,472.0,7.0,1.4166666666666667,0.0,0.0,0.0,0.0,0.0,0.0,0.0,1.25,0.0,0.0,USD
2026-07-11,2026-07-11,Primal Queen,Display (Sponsored Brands) > Sponsored Products > Display (Amazon DSP) > Online Video (Sponsored Brands) > [Purchase],58.0,1.0,0.0,0.0,2.0,0.0,6.0,1.0,0.0,0.0,0.0,0.0,1.0,0.0,0.0,USD
2026-07-05,2026-07-30,Primal Queen,Sponsored Products > Display (Amazon DSP) > Online Video (Sponsored Brands) > [Purchase],409.0,7.0,175.0,3.0,0.0,0.0,15.714285714285714,1.0,0.0,0.0,0.0,0.0,4.0,0.0,0.0,USD
2026-07-03,2026-07-31,Primal Queen,(Sponsored Display) > [Purchase],3249.0,56.0,2611.0,45.0,0.0,0.0,0.0,0.0,0.0,0.0,0.0,0.0,0.0,7.357142857142857,0.0,USD
2026-07-07,2026-07-07,Primal Queen,Display (Sponsored Brands) > Online Video (Sponsored Brands) > Display (Amazon DSP) > [Purchase],58.0,1.0,58.0,1.0,2.0,0.0,1.0,1.0,0.0,0.0,0.0,0.0,0.0,0.0,0.0,USD
2026-07-17,2026-07-17,Primal Queen,Sponsored Products >  (Sponsored Display) > Display (Sponsored Brands) > [Purchase],116.0,2.0,116.0,2.0,2.0,0.0,0.0,0.0,0.0,0.0,0.0,0.0,5.0,1.0,0.0,USD
2026-07-03,2026-07-31,Primal Queen,Sponsored Products > Display (Sponsored Brands) > [Purchase],1336.0,21.0,756.0,11.0,1.4285714285714286,0.0,0.0,0.0,0.0,0.0,0.0,0.0,2.3333333333333335,0.0,0.0,USD
2026-07-15,2026-07-29,Primal Queen,Online Video (Sponsored Brands) > Sponsored Products >  (Sponsored Display) > [Purchase],116.0,2.0,58.0,1.0,0.0,0.0,0.0,1.5,0.0,0.0,0.0,0.0,2.5,2.5,0.0,USD
2026-07-27,2026-07-27,Primal Queen,Sponsored Products > Display (Amazon DSP) >  (Sponsored Display) > Display (Sponsored Display) > [Purchase],58.0,1.0,58.0,1.0,0.0,3.0,4.0,0.0,0.0,0.0,0.0,0.0,2.0,11.0,0.0,USD
2026-07-30,2026-07-30,Primal Queen,Display (Amazon DSP) >  (Sponsored Display) > Online Video (Sponsored Brands) > [Purchase],123.99,1.0,0.0,0.0,0.0,0.0,145.0,1.0,0.0,0.0,0.0,0.0,0.0,1.0,0.0,USD
2026-07-14,2026-07-14,Primal Queen,Sponsored Products > Online Video (Sponsored Brands) >  (Sponsored Display) > Display (Amazon DSP) > [Purchase],58.0,1.0,0.0,0.0,0.0,0.0,4.0,1.0,0.0,0.0,0.0,0.0,1.0,7.0,0.0,USD
2026-07-04,2026-07-31,Primal Queen,Display (Amazon DSP) > Sponsored Products >  (Sponsored Display) > [Purchase],522.0,9.0,58.0,1.0,0.0,0.0,48.77777777777778,0.0,0.0,0.0,0.0,0.0,2.2222222222222223,7.666666666666667,0.0,USD
2026-07-07,2026-07-29,Primal Queen,(Sponsored Display) > Online Video (Sponsored Brands) > [Purchase],182.0,2.0,182.0,2.0,0.0,0.0,0.0,1.0,0.0,0.0,0.0,0.0,0.0,1.0,0.0,USD
2026-07-03,2026-07-27,Primal Queen,Sponsored Products > Online Video (Sponsored Brands) > Display (Amazon DSP) > [Purchase],406.0,7.0,290.0,5.0,0.0,0.0,3.5714285714285716,1.2857142857142858,0.0,0.0,0.0,0.0,2.142857142857143,0.0,0.0,USD
2026-07-10,2026-07-26,Primal Queen,Sponsored Products > Online Video (Sponsored Brands) >  (Sponsored Display) > [Purchase],291.0,5.0,174.0,3.0,0.0,0.0,0.0,1.0,0.0,0.0,0.0,0.0,2.8,2.2,0.0,USD
2026-07-03,2026-07-31,Primal Queen,Sponsored Products > [Purchase],277999.0,4558.0,201798.0,3324.0,0.0,0.0,0.0,0.0,0.0,0.0,0.0,0.0,1.5383940324703818,0.0,0.0,USD
